{"cameraMode":{"drawMode":0,"name":"Shaded","section":"Shading Mode"},"sceneLighting":false,"audioPlay":false,"sceneViewState":{"showFog":true,"showMaterialUpdate":false,"showSkybox":false,"showFlares":true,"showImageEffects":true,"showParticleSystems":true},"in2DMode":false,"pivot":{"x":-0.40194129943847659,"y":0.7771615982055664,"z":-1.0011067390441895},"rotation":{"x":-0.14785049855709077,"y":0.07419418543577194,"z":-0.0111233564093709,"w":-0.9861600995063782},"size":4.442075729370117,"orthographic":false}